name;index;GMvalues_unthresholded;GMvalues_thresholded
3rd Ventricle;4;1.0699999494009442;0.17999999148800933
4th Ventricle;11;1.9239999090162774;0.0
Right Accumbens Area;23;0.29199998619165957;0.29199998619165957
Left Accumbens Area;30;0.3479999835434847;0.3479999835434847
Brain Stem;35;20.36299903705741;0.4929999766866033
Right Caudate;36;2.0599999025849955;1.9899999058952142
Left Caudate;37;2.1379998988964664;2.0789999016865077
Right Cerebellum Exterior;38;54.857997405828975;38.341998186851406
Left Cerebellum Exterior;39;56.59999732345182;38.72399816878707
Right Cerebral White Matter;44;183.6349913161144;8.759999585749787
Left Cerebral White Matter;45;184.73299126419124;8.422999601686126
CSF;46;1.0759999491172112;0.014999999290667443
Right Inf Lat Vent;49;0.4689999778215354;0.012999999385245117
Left Inf Lat Vent;50;0.34399998373264;0.016999999196089768
Right Lateral Ventricle;51;5.746999728231053;0.04599999782471349
Left Lateral Ventricle;52;6.489999693095447;0.0619999970680921
Right Pallidum;55;1.2409999413145532;0.37599998221939723
Left Pallidum;56;1.1619999450503713;0.3719999824085526
Right Putamen;57;2.9799998590792653;2.7429998702867198
Left Putamen;58;3.0869998540193597;2.823999866456324
Right vessel;63;;
Left vessel;64;;
Optic Chiasm;69;0.09199999564942699;0.06999999668978141
Cerebellar Vermal Lobules I-V;71;5.101999758732353;2.9509998604506418
Cerebellar Vermal Lobules VI-VII;72;2.1689998974305125;1.5169999282628341
Cerebellar Vermal Lobules VIII-X;73;2.9009998628150835;2.4099998860339027
Left Basal Forebrain;75;0.2689999872793028;0.25499998794134654
Right Basal Forebrain;76;0.22299998945458932;0.2049999903057884
Right ACgG anterior cingulate gyrus;100;3.435999837515556;2.5359998800755092
Left ACgG anterior cingulate gyrus;101;4.253999798833287;3.4609998363333347
Right AIns anterior insula;102;3.541999832502939;2.850999865179525
Left AIns anterior insula;103;3.6489998274430335;2.815999866834635
Right AOrG anterior orbital gyrus;104;1.4279999324715407;1.1889999437735728
Left AOrG anterior orbital gyrus;105;1.307999938146201;1.135999946279881
Right AnG angular gyrus;106;11.051999477363772;8.662999590336804
Left AnG angular gyrus;107;9.843999534488688;7.324999653609268
Right Calc calcarine cortex;108;3.5649998314152955;2.5869998776637786
Left Calc calcarine cortex;109;3.282999844750748;2.245999893789272
Right CO central operculum;112;3.835999818600021;3.070999854775981
Left CO central operculum;113;3.7499998226668607;2.9209998618693067
Right Cun cuneus;114;5.7349997287985195;3.96399981254705
Left Cun cuneus;115;4.417999791077918;2.5389998799336424
Right Ent entorhinal area;116;1.4509999313838973;1.369999935214293
Left Ent entorhinal area;117;1.4499999314311862;1.3789999347886936
Right FO frontal operculum;118;1.6479999220679964;1.3979999338902058
Left FO frontal operculum;119;1.7339999180011565;1.4959999292558996
Right FRP frontal pole;120;2.7089998718945405;1.8039999146909378
Left FRP frontal pole;121;2.153999898139845;1.3019999384299341
Right FuG fusiform gyrus;122;6.997999669072718;5.865999722603681
Left FuG fusiform gyrus;123;6.691999683543102;5.608999734756913
Right GRe gyrus rectus;124;1.8129999142653384;1.26399994022691
Left GRe gyrus rectus;125;1.883999910907831;1.5079999286884336
Right IOG inferior occipital gyrus;128;7.803999630957915;7.008999668552541
Left IOG inferior occipital gyrus;129;7.537999643536746;6.522999691534916
Right ITG inferior temporal gyrus;132;11.03299947826226;8.848999581541081
Left ITG inferior temporal gyrus;133;10.535999501764813;8.400999602726479
Right LiG lingual gyrus;134;7.673999637105464;5.690999730879228
Left LiG lingual gyrus;135;6.924999672524803;4.777999774053936
Right LOrG lateral orbital gyrus;136;1.551999926607725;1.2389999414091308
Left LOrG lateral orbital gyrus;137;1.490999929492344;1.1469999457597038
Right MCgG middle cingulate gyrus;138;3.990999811270251;2.779999868537033
Left MCgG middle cingulate gyrus;139;4.017999809993452;2.9759998592684207
Right MFC medial frontal cortex;140;1.6499999219734187;1.3669999353561597
Left MFC medial frontal cortex;141;1.6559999216896857;1.411999933228162
Right MFG middle frontal gyrus;142;15.922999247019847;10.050999524699899
Left MFG middle frontal gyrus;143;15.072999287215358;9.533999549148227
Right MOG middle occipital gyrus;144;4.865999769892519;4.057999808101899
Left MOG middle occipital gyrus;145;6.2579997040664574;5.093999759110663
Right MOrG medial orbital gyrus;146;3.5449998323610723;2.917999862011173
Left MOrG medial orbital gyrus;147;3.4759998356240023;2.782999868395166
Right MPoG postcentral gyrus medial segment;148;0.8019999620743526;0.41099998056428794
Left MPoG postcentral gyrus medial segment;149;0.5269999750787828;0.2839999865699703
Right MPrG precentral gyrus medial segment;150;2.195999896153714;1.4219999327552737
Left MPrG precentral gyrus medial segment;151;1.9669999069828574;1.2079999428750847
Right MSFG superior frontal gyrus medial segment;152;6.426999696074644;4.7299997763238
Left MSFG superior frontal gyrus medial segment;153;5.626999733905714;4.174999802569105
Right MTG middle temporal gyrus;154;15.534999265367915;13.330999369592513
Left MTG middle temporal gyrus;155;15.527999265698938;13.273999372287976
Right OCP occipital pole;156;3.099999853404605;2.4349998848516816
Left OCP occipital pole;157;3.7399998231397493;2.934999861207263
Right OFuG occipital fusiform gyrus;160;3.589999830233075;2.287999891803141
Left OFuG occipital fusiform gyrus;161;3.812999819687664;2.7409998703812977
Right OpIFG opercular part of the inferior frontal gyrus;162;2.705999872036407;1.982999906226236
Left OpIFG opercular part of the inferior frontal gyrus;163;2.301999891141097;1.4869999296814993
Right OrIFG orbital part of the inferior frontal gyrus;164;1.2129999426386406;1.0029999525692963
Left OrIFG orbital part of the inferior frontal gyrus;165;1.0889999485024564;0.9109999569198693
Right PCgG posterior cingulate gyrus;166;3.3979998393125315;2.4649998834330167
Left PCgG posterior cingulate gyrus;167;3.6439998276794774;2.3669998880673226
Right PCu precuneus;168;11.343999463555432;8.216999611427626
Left PCu precuneus;169;10.5079995030889;7.404999649826161
Right PHG parahippocampal gyrus;170;2.284999891945007;1.8879999107186756
Left PHG parahippocampal gyrus;171;2.4029998863649245;1.8819999110024086
Right PIns posterior insula;172;1.877999911191564;1.5059999287830113
Left PIns posterior insula;173;1.8219999138397387;1.3159999377678904
Right PO parietal operculum;174;1.5769999254255038;1.1569999452868154
Left PO parietal operculum;175;2.1519998982344224;1.7649999165352026
Right PoG postcentral gyrus;176;8.93399957752153;5.149999756462489
Left PoG postcentral gyrus;177;10.669999495428108;5.998999716314266
Right POrG posterior orbital gyrus;178;2.153999898139845;1.896999910293076
Left POrG posterior orbital gyrus;179;2.2369998942148714;1.8449999127520955
Right PP planum polare;180;1.4289999324242517;0.8609999592843113
Left PP planum polare;181;1.798999914927382;1.3229999374368686
Right PrG precentral gyrus;182;11.050999477411061;6.356999699384862
Left PrG precentral gyrus;183;9.276999561301459;4.39399979221285
Right PT planum temporale;184;1.8439999127993845;1.5019999289721666
Left PT planum temporale;185;1.6219999232975062;1.0579999499684103
Right SCA subcallosal area;186;1.0159999519545415;0.822999961081287
Left SCA subcallosal area;187;0.9499999550756048;0.7269999656210154
Right SFG superior frontal gyrus;190;9.482999551559958;5.26299975111885
Left SFG superior frontal gyrus;191;10.002999526969763;5.660999732297893
Right SMC supplementary motor cortex;192;3.966999812405183;2.853999865037659
Left SMC supplementary motor cortex;193;3.975999811979584;2.75199986986112
Right SMG supramarginal gyrus;194;8.85699958116277;7.0329996674176085
Left SMG supramarginal gyrus;195;10.022999526023986;7.395999650251761
Right SOG superior occipital gyrus;196;4.173999802616394;3.1219998523642505
Left SOG superior occipital gyrus;197;3.633999828152366;2.6109998765288465
Right SPL superior parietal lobule;198;10.67099949538082;6.7819996792871065
Left SPL superior parietal lobule;199;10.342999510891557;5.777999726765099
Right STG superior temporal gyrus;200;7.914999625708854;6.749999680800349
Left STG superior temporal gyrus;201;7.466999646894253;6.211999706241744
Right TMP temporal pole;202;7.1709996608917494;5.782999726528655
Left TMP temporal pole;203;7.108999663823657;5.918999720097373
Right TrIFG triangular part of the inferior frontal gyrus;204;2.9559998602141975;2.122999899605799
Left TrIFG triangular part of the inferior frontal gyrus;205;2.6119998764815575;1.7579999168662244
Right TTG transverse temporal gyrus;206;1.1079999476039686;0.7889999626891075
Left TTG transverse temporal gyrus;207;1.2469999410308201;0.9079999570617359
Left STN;208;0.048999997682846984;0.0
Right STN;209;0.033999998392179535;0.0
Left substantia nigra;210;0.4269999798076666;0.017999999148800933
Right substantia nigra;211;0.3789999820775307;0.024999998817779073
Left red nucleus;212;0.35999998297601865;0.008999999574400466
Right red nucleus;213;0.4009999810371763;0.004999999763555815
Left dentate nucleus;214;1.6869999202237318;0.16099999238649723
Right dentate nucleus;215;1.717999918757778;0.2909999862389484
Left th_anterior;216;0.3339999842055284;0.1589999924810749
Right th_anterior;217;0.41599998032784374;0.1809999914407205
Left th_geniculate;218;0.5929999719577196;0.2539999879886354
Right th_geniculate;219;0.527999975031494;0.2509999881305019
Left th_mediodorsal;220;0.21499998983290003;0.21499998983290003
Right th_mediodorsal;221;0.2939999860970819;0.2879999863808149
Left th_intralaminar;222;0.5739999728562075;0.40499998084802097
Right th_intralaminar;223;0.8859999581020903;0.4749999775378024
Left th_pulvinar;224;0.27699998690099215;0.2719999871374363
Right th_pulvinar;225;0.31999998486757214;0.30099998576606
Left th_ventroanterior;226;0.42999997966580006;0.1049999950346721
Right th_ventroanterior;227;0.5169999755516712;0.1829999913461428
Left th_ventrolateral;228;0.6969999670396806;0.46299997810526844
Right th_ventrolateral;229;0.6179999707754986;0.3879999816519312
Left th_ventroposterior;230;1.0119999521436969;0.6249999704444769
Right th_ventroposterior;231;0.9479999551701824;0.4209999800913996
Left th_posteriorAnterior;232;0.49799997645015914;0.3819999819356642
Right th_posteriorAnterior;233;0.4899999768284698;0.4139999804224214
Left agd_astr;234;;
Right agd_astr;235;;
Left agd_centromedian;236;;
Right agd_centromedian;237;;
Left agd_laterobasal;238;0.7079999665195034;0.6929999672288358
Right agd_laterobasal;239;0.6069999712956758;0.6039999714375424
Left agd_superficial;240;0.08199999612231536;0.032999998439468374
Right agd_superficial;241;0.12299999418347303;0.07299999654791489
Left hi_SPAM_CA1-3;242;1.8259999136505833;1.6199999233920839
Right hi_SPAM_CA1-3;243;2.2729998925124733;1.99499990565877
Left hi_SPAM_CA4-DG;244;0.13599999356871814;0.12799999394702885
Right hi_SPAM_CA4-DG;245;0.1369999935214293;0.13599999356871814
Left hi_SPAM_subiculum;246;0.9969999528530294;0.8859999581020903
Right hi_SPAM_subiculum;247;0.7169999660939038;0.637999969829722
